ndvi,soil_moisture,temp_anomaly,rainfall_mm,humidity,wind_speed,biome,stress_label
0.254,51.5,2.6,0.0,23.8,18.9,Semi-arid savanna,HIGH WATER STRESS
0.453,44.7,0.7,52.6,59.3,16.4,Mediterranean shrubland,MODERATE STRESS
0.811,60.8,1.1,59.2,86.8,8.8,Tropical rainforest,VEGETATION HEALTHY
0.472,34.1,2.6,31.9,44.9,13.9,Mediterranean shrubland,MODERATE STRESS
0.8,77.4,1.1,146.0,73.9,7.0,Tropical rainforest,VEGETATION HEALTHY
0.67,80.0,1.6,82.8,69.6,5.7,Tropical rainforest,VEGETATION HEALTHY
0.691,64.2,0.6,50.1,57.5,16.3,Temperate grassland,VEGETATION HEALTHY
0.711,58.8,1.6,46.5,59.8,18.8,Temperate grassland,VEGETATION HEALTHY
0.725,65.9,0.4,78.3,92.9,5.5,Tropical rainforest,VEGETATION HEALTHY
0.725,26.4,0.8,48.6,63.6,19.3,Temperate grassland,VEGETATION HEALTHY
0.448,37.6,2.3,31.2,34.7,9.2,Mediterranean shrubland,MODERATE STRESS
0.659,78.5,0.9,105.3,73.7,9.6,Tropical rainforest,VEGETATION HEALTHY
0.454,52.3,0.9,27.7,45.4,8.8,Mediterranean shrubland,MODERATE STRESS
0.653,47.0,1.1,55.6,61.8,19.0,Temperate grassland,VEGETATION HEALTHY
0.352,36.6,0.0,0.0,23.5,11.0,Semi-arid savanna,MODERATE STRESS
0.804,60.2,0.5,122.4,74.4,12.0,Tropical rainforest,VEGETATION HEALTHY
0.469,29.8,1.2,51.8,29.3,18.6,Mediterranean shrubland,MODERATE STRESS
0.786,64.3,-0.2,88.0,72.7,9.9,Tropical rainforest,VEGETATION HEALTHY
0.936,68.9,0.1,91.0,80.2,14.4,Tropical rainforest,VEGETATION HEALTHY
0.705,61.1,2.3,18.8,47.7,9.4,Temperate grassland,MODERATE STRESS
0.293,55.2,1.3,5.6,37.8,17.9,Mediterranean shrubland,MODERATE STRESS
0.706,88.9,3.4,54.1,43.1,2.2,Temperate grassland,VEGETATION HEALTHY
0.378,38.4,0.9,32.2,62.8,16.9,Mediterranean shrubland,MODERATE STRESS
0.743,58.5,-0.4,72.4,77.5,16.1,Tropical rainforest,VEGETATION HEALTHY
0.647,37.0,0.4,15.7,41.3,28.8,Mediterranean shrubland,MODERATE STRESS
0.377,58.4,0.7,53.6,54.6,15.1,Mediterranean shrubland,VEGETATION HEALTHY
0.402,52.1,1.1,10.5,34.7,17.0,Mediterranean shrubland,MODERATE STRESS
0.934,74.1,0.7,94.0,91.1,9.9,Tropical rainforest,VEGETATION HEALTHY
0.882,77.6,1.9,91.1,65.8,3.5,Tropical rainforest,VEGETATION HEALTHY
0.828,84.3,1.0,36.6,75.0,8.4,Temperate grassland,VEGETATION HEALTHY
0.831,66.9,0.8,81.4,81.4,14.6,Tropical rainforest,VEGETATION HEALTHY
0.77,80.4,-0.6,84.6,69.6,4.1,Tropical rainforest,VEGETATION HEALTHY
0.723,83.9,-0.1,86.9,73.2,7.7,Tropical rainforest,VEGETATION HEALTHY
0.58,47.7,3.0,19.2,32.3,16.4,Semi-arid savanna,MODERATE STRESS
0.606,36.6,1.2,50.0,88.7,26.3,Temperate grassland,MODERATE STRESS
0.452,50.1,-0.1,32.0,60.1,22.2,Temperate grassland,VEGETATION HEALTHY
0.688,44.1,0.7,56.3,72.7,5.5,Tropical rainforest,VEGETATION HEALTHY
0.486,16.9,0.2,77.6,34.6,9.4,Mediterranean shrubland,MODERATE STRESS
0.936,26.3,1.2,41.8,70.7,10.1,Mediterranean shrubland,VEGETATION HEALTHY
0.463,57.4,1.9,27.5,48.4,7.8,Mediterranean shrubland,MODERATE STRESS
0.54,58.9,0.7,55.4,69.2,15.9,Temperate grassland,VEGETATION HEALTHY
0.476,39.0,1.7,9.0,46.4,17.3,Semi-arid savanna,MODERATE STRESS
0.672,44.9,0.9,2.0,58.7,19.8,Semi-arid savanna,MODERATE STRESS
0.497,6.6,2.6,30.2,26.5,14.7,Semi-arid savanna,HIGH WATER STRESS
0.588,50.0,1.0,39.5,58.0,23.8,Temperate grassland,VEGETATION HEALTHY
0.115,41.2,1.7,40.9,45.5,5.5,Mediterranean shrubland,MODERATE STRESS
0.696,10.4,2.6,16.1,41.1,10.6,Semi-arid savanna,MODERATE STRESS
0.723,88.9,1.2,134.5,89.8,10.8,Tropical rainforest,VEGETATION HEALTHY
0.566,58.2,1.2,36.3,41.6,21.9,Mediterranean shrubland,VEGETATION HEALTHY
0.323,57.5,1.3,58.4,59.0,26.9,Mediterranean shrubland,MODERATE STRESS
0.344,53.9,0.2,33.6,75.6,18.8,Temperate grassland,VEGETATION HEALTHY
0.308,19.8,1.7,0.1,32.6,20.2,Semi-arid savanna,HIGH WATER STRESS
0.517,5.0,2.0,23.3,47.8,29.3,Semi-arid savanna,HIGH WATER STRESS
0.271,45.0,1.6,10.2,75.2,17.2,Temperate grassland,MODERATE STRESS
0.494,68.8,2.0,50.1,59.0,16.6,Temperate grassland,MODERATE STRESS
0.665,70.1,0.7,96.7,88.0,4.8,Tropical rainforest,VEGETATION HEALTHY
0.802,42.4,0.4,49.5,67.0,15.1,Temperate grassland,VEGETATION HEALTHY
0.906,83.1,1.4,101.5,100.0,8.2,Tropical rainforest,VEGETATION HEALTHY
0.677,29.8,1.8,45.6,19.6,9.2,Semi-arid savanna,MODERATE STRESS
0.164,23.7,2.1,31.4,45.9,8.1,Semi-arid savanna,HIGH WATER STRESS
0.766,65.9,1.1,105.7,79.4,12.0,Tropical rainforest,VEGETATION HEALTHY
0.534,53.5,0.9,31.4,52.4,20.9,Mediterranean shrubland,VEGETATION HEALTHY
0.503,33.2,1.6,36.9,15.0,8.9,Semi-arid savanna,MODERATE STRESS
0.278,7.7,0.9,50.0,46.6,17.2,Mediterranean shrubland,MODERATE STRESS
0.699,43.9,2.7,36.8,40.0,12.4,Mediterranean shrubland,MODERATE STRESS
0.358,39.9,0.8,62.7,78.4,6.7,Temperate grassland,MODERATE STRESS
0.424,63.1,1.0,4.7,68.1,11.4,Temperate grassland,MODERATE STRESS
0.335,18.7,1.0,29.7,39.4,20.3,Semi-arid savanna,MODERATE STRESS
0.905,67.5,-0.2,115.9,74.7,13.5,Tropical rainforest,VEGETATION HEALTHY
0.481,35.6,2.0,57.1,71.1,18.5,Semi-arid savanna,MODERATE STRESS
0.661,31.5,1.8,34.5,53.8,11.0,Mediterranean shrubland,MODERATE STRESS
0.585,45.1,0.0,73.2,75.1,16.7,Tropical rainforest,VEGETATION HEALTHY
0.266,44.3,1.3,16.9,44.6,22.3,Semi-arid savanna,MODERATE STRESS
0.366,57.1,0.6,22.1,78.4,19.6,Semi-arid savanna,MODERATE STRESS
0.514,54.3,1.4,31.6,40.6,18.6,Mediterranean shrubland,MODERATE STRESS
0.452,66.3,2.0,53.1,52.3,17.7,Temperate grassland,MODERATE STRESS
0.863,48.2,0.6,30.3,63.0,14.5,Tropical rainforest,VEGETATION HEALTHY
0.563,25.0,0.2,0.0,34.4,34.9,Semi-arid savanna,MODERATE STRESS
0.698,78.0,-0.3,77.7,79.0,8.7,Tropical rainforest,VEGETATION HEALTHY
0.619,50.5,2.1,21.2,60.8,25.8,Mediterranean shrubland,MODERATE STRESS
0.367,66.4,1.3,63.1,44.7,24.7,Mediterranean shrubland,MODERATE STRESS
0.6,59.4,2.4,37.0,43.8,12.3,Temperate grassland,MODERATE STRESS
0.265,55.2,1.0,58.0,21.3,11.3,Mediterranean shrubland,MODERATE STRESS
0.15,23.1,1.9,18.8,38.5,16.9,Semi-arid savanna,HIGH WATER STRESS
0.429,67.0,1.6,53.5,63.2,16.8,Temperate grassland,MODERATE STRESS
0.746,36.4,1.4,8.4,27.5,9.3,Semi-arid savanna,MODERATE STRESS
0.503,39.9,1.0,52.4,56.7,10.4,Temperate grassland,MODERATE STRESS
0.859,81.6,0.7,67.7,83.5,9.8,Tropical rainforest,VEGETATION HEALTHY
0.409,42.7,0.8,25.4,21.6,27.4,Semi-arid savanna,MODERATE STRESS
0.767,50.7,1.4,0.0,41.0,13.2,Temperate grassland,VEGETATION HEALTHY
0.839,98.0,-0.0,62.6,80.4,15.4,Tropical rainforest,VEGETATION HEALTHY
0.317,49.0,3.1,2.0,34.6,13.5,Mediterranean shrubland,HIGH WATER STRESS
0.622,48.9,-0.1,45.3,43.1,23.6,Mediterranean shrubland,VEGETATION HEALTHY
0.691,63.7,1.2,107.4,82.5,2.3,Tropical rainforest,VEGETATION HEALTHY
0.345,48.8,0.2,43.9,40.3,8.3,Mediterranean shrubland,MODERATE STRESS
0.534,42.3,1.1,48.1,35.8,18.2,Semi-arid savanna,MODERATE STRESS
0.407,52.5,1.0,26.8,66.4,9.8,Mediterranean shrubland,MODERATE STRESS
0.218,82.4,3.1,36.1,30.8,13.1,Temperate grassland,MODERATE STRESS
0.39,18.0,2.3,31.4,21.1,22.9,Semi-arid savanna,HIGH WATER STRESS
0.95,74.2,0.6,82.0,84.2,2.1,Tropical rainforest,VEGETATION HEALTHY
0.358,71.3,1.5,52.0,26.5,22.1,Semi-arid savanna,MODERATE STRESS
0.795,60.7,0.9,120.0,74.8,2.2,Tropical rainforest,VEGETATION HEALTHY
0.365,39.5,1.4,0.9,30.6,18.9,Mediterranean shrubland,MODERATE STRESS
0.422,5.0,2.2,40.4,41.4,8.1,Mediterranean shrubland,HIGH WATER STRESS
0.798,100.0,1.1,96.9,76.3,12.3,Tropical rainforest,VEGETATION HEALTHY
0.829,88.3,0.4,73.8,73.2,12.2,Tropical rainforest,VEGETATION HEALTHY
0.71,66.5,1.0,79.1,87.5,0.0,Tropical rainforest,VEGETATION HEALTHY
0.288,23.9,-0.6,4.7,29.2,16.6,Semi-arid savanna,MODERATE STRESS
0.463,28.5,1.4,56.0,38.3,10.5,Mediterranean shrubland,MODERATE STRESS
0.821,69.1,1.3,85.6,85.0,4.9,Tropical rainforest,VEGETATION HEALTHY
0.386,16.1,0.1,34.3,37.1,10.8,Semi-arid savanna,MODERATE STRESS
0.405,58.3,-0.6,0.0,29.1,28.2,Semi-arid savanna,MODERATE STRESS
0.695,35.6,0.2,54.9,56.8,18.3,Temperate grassland,VEGETATION HEALTHY
0.739,75.6,0.9,107.8,86.1,2.5,Tropical rainforest,VEGETATION HEALTHY
0.73,75.2,0.3,4.1,57.3,20.6,Temperate grassland,VEGETATION HEALTHY
0.85,63.8,0.8,25.4,56.1,13.2,Temperate grassland,VEGETATION HEALTHY
0.887,85.3,2.0,24.7,67.1,18.8,Temperate grassland,VEGETATION HEALTHY
0.809,88.2,1.2,106.7,84.4,10.4,Tropical rainforest,VEGETATION HEALTHY
0.593,45.5,0.1,82.0,78.5,23.2,Temperate grassland,VEGETATION HEALTHY
0.788,89.6,0.8,91.7,67.1,10.6,Tropical rainforest,VEGETATION HEALTHY
0.305,44.2,1.4,71.0,60.7,16.1,Mediterranean shrubland,MODERATE STRESS
0.617,55.8,0.9,21.2,54.0,10.5,Temperate grassland,VEGETATION HEALTHY
0.816,77.1,-0.5,82.6,88.0,13.2,Tropical rainforest,VEGETATION HEALTHY
0.734,55.7,0.4,21.2,60.5,17.3,Temperate grassland,VEGETATION HEALTHY
0.745,52.8,0.1,38.0,58.8,13.8,Temperate grassland,VEGETATION HEALTHY
0.493,59.3,0.7,31.2,60.0,12.6,Temperate grassland,VEGETATION HEALTHY
0.464,17.5,1.2,47.9,25.7,3.2,Semi-arid savanna,MODERATE STRESS
0.301,55.5,1.1,42.4,71.8,0.0,Temperate grassland,MODERATE STRESS
0.814,35.8,0.8,28.4,44.4,13.0,Temperate grassland,VEGETATION HEALTHY
0.714,74.4,1.2,73.1,50.4,26.5,Mediterranean shrubland,VEGETATION HEALTHY
0.52,50.8,4.0,52.0,41.5,21.8,Mediterranean shrubland,MODERATE STRESS
0.446,37.2,2.3,35.6,53.3,16.1,Mediterranean shrubland,MODERATE STRESS
0.807,46.8,1.3,58.5,63.6,8.8,Tropical rainforest,VEGETATION HEALTHY
0.433,25.5,2.5,0.0,36.3,13.9,Semi-arid savanna,HIGH WATER STRESS
0.791,58.9,1.3,87.8,59.1,1.2,Tropical rainforest,VEGETATION HEALTHY
0.759,69.1,0.7,85.2,80.3,12.8,Tropical rainforest,VEGETATION HEALTHY
0.404,36.4,1.3,72.4,50.4,0.0,Temperate grassland,MODERATE STRESS
0.244,31.7,1.0,26.8,50.5,14.1,Mediterranean shrubland,MODERATE STRESS
0.312,22.5,2.2,0.0,47.5,18.7,Semi-arid savanna,HIGH WATER STRESS
0.478,70.4,0.9,76.2,47.3,8.3,Mediterranean shrubland,VEGETATION HEALTHY
0.642,62.2,1.1,101.6,71.8,12.9,Tropical rainforest,VEGETATION HEALTHY
0.887,90.7,1.2,124.2,59.2,7.7,Tropical rainforest,VEGETATION HEALTHY
0.439,27.7,1.5,55.9,39.6,20.9,Semi-arid savanna,MODERATE STRESS
0.465,46.2,1.5,44.0,64.0,25.9,Mediterranean shrubland,MODERATE STRESS
0.514,17.3,1.6,38.9,54.1,19.5,Semi-arid savanna,MODERATE STRESS
0.562,46.8,2.9,27.2,37.0,20.4,Semi-arid savanna,MODERATE STRESS
0.557,5.0,-0.1,44.0,55.7,9.0,Mediterranean shrubland,MODERATE STRESS
0.393,66.9,1.1,79.9,50.0,18.4,Mediterranean shrubland,VEGETATION HEALTHY
0.52,29.0,1.4,34.3,33.6,14.5,Mediterranean shrubland,MODERATE STRESS
0.301,54.6,1.7,16.9,40.5,19.6,Semi-arid savanna,MODERATE STRESS
0.26,19.3,2.8,14.6,22.2,21.1,Semi-arid savanna,HIGH WATER STRESS
0.57,20.5,1.7,49.7,54.5,19.8,Mediterranean shrubland,MODERATE STRESS
0.55,40.2,1.1,52.4,67.8,26.8,Mediterranean shrubland,MODERATE STRESS
0.905,70.6,1.0,107.5,79.2,9.5,Tropical rainforest,VEGETATION HEALTHY
0.753,62.5,0.5,103.7,78.0,10.4,Tropical rainforest,VEGETATION HEALTHY
0.834,67.1,1.3,96.6,65.7,14.8,Tropical rainforest,VEGETATION HEALTHY
0.155,19.2,0.7,22.9,38.2,15.6,Semi-arid savanna,MODERATE STRESS
0.593,50.4,1.8,43.2,57.4,3.4,Mediterranean shrubland,MODERATE STRESS
0.173,45.6,1.5,55.9,64.3,17.2,Mediterranean shrubland,MODERATE STRESS
0.425,52.8,1.0,35.0,61.8,12.7,Mediterranean shrubland,MODERATE STRESS
0.528,20.8,2.7,34.6,43.4,12.7,Semi-arid savanna,MODERATE STRESS
0.371,36.4,2.0,15.9,55.3,8.5,Mediterranean shrubland,MODERATE STRESS
0.516,84.1,0.3,64.4,51.8,18.5,Mediterranean shrubland,VEGETATION HEALTHY
0.518,52.1,1.4,64.1,44.5,22.8,Mediterranean shrubland,MODERATE STRESS
0.571,36.8,1.5,76.8,55.0,13.8,Temperate grassland,MODERATE STRESS
0.242,33.9,0.1,5.6,45.2,27.2,Semi-arid savanna,MODERATE STRESS
0.695,90.7,1.0,81.8,82.3,9.2,Tropical rainforest,VEGETATION HEALTHY
0.597,48.1,-0.0,11.0,64.5,13.3,Temperate grassland,VEGETATION HEALTHY
0.581,68.5,1.2,30.6,71.9,24.5,Temperate grassland,VEGETATION HEALTHY
0.654,71.6,2.1,69.9,64.0,18.6,Temperate grassland,VEGETATION HEALTHY
0.639,81.1,-0.1,63.8,91.0,12.4,Tropical rainforest,VEGETATION HEALTHY
0.803,50.4,0.2,39.7,57.3,15.5,Temperate grassland,VEGETATION HEALTHY
0.446,50.6,0.6,44.0,50.0,11.5,Mediterranean shrubland,VEGETATION HEALTHY
0.382,34.7,1.4,53.9,40.6,16.3,Semi-arid savanna,MODERATE STRESS
0.277,33.3,1.0,46.9,39.7,27.0,Semi-arid savanna,MODERATE STRESS
0.509,45.6,1.4,35.1,70.6,2.1,Mediterranean shrubland,MODERATE STRESS
0.7,72.2,1.3,99.2,74.2,13.1,Tropical rainforest,VEGETATION HEALTHY
0.585,41.3,2.7,26.9,34.1,22.9,Semi-arid savanna,MODERATE STRESS
0.5,68.6,-0.7,6.6,35.8,13.8,Mediterranean shrubland,VEGETATION HEALTHY
0.732,52.4,0.1,61.9,100.0,16.2,Tropical rainforest,VEGETATION HEALTHY
0.72,57.1,-0.5,82.7,68.0,8.7,Tropical rainforest,VEGETATION HEALTHY
0.164,24.3,1.8,28.6,47.8,8.8,Semi-arid savanna,HIGH WATER STRESS
0.672,80.2,0.8,47.5,74.8,10.5,Tropical rainforest,VEGETATION HEALTHY
0.672,52.6,2.3,67.2,52.7,19.5,Temperate grassland,MODERATE STRESS
0.95,56.0,0.2,127.6,67.4,3.7,Tropical rainforest,VEGETATION HEALTHY
0.342,45.6,1.6,10.3,32.6,13.0,Semi-arid savanna,MODERATE STRESS
0.785,43.4,2.6,13.2,39.4,13.0,Semi-arid savanna,MODERATE STRESS
0.05,13.2,-0.1,0.0,25.3,27.3,Semi-arid savanna,HIGH WATER STRESS
0.694,51.6,2.2,17.0,56.3,20.4,Mediterranean shrubland,MODERATE STRESS
0.414,54.0,2.0,24.0,36.5,8.9,Mediterranean shrubland,MODERATE STRESS
0.237,56.5,1.4,27.6,56.3,18.4,Temperate grassland,MODERATE STRESS
0.828,92.2,1.7,58.0,94.8,6.9,Tropical rainforest,VEGETATION HEALTHY
0.767,66.6,-0.5,81.2,62.4,12.9,Tropical rainforest,VEGETATION HEALTHY
0.927,61.6,1.0,65.7,71.7,12.1,Tropical rainforest,VEGETATION HEALTHY
0.698,29.3,2.7,23.8,53.1,14.9,Semi-arid savanna,MODERATE STRESS
0.755,70.5,0.2,104.5,84.5,11.4,Tropical rainforest,VEGETATION HEALTHY
0.717,39.0,1.8,22.5,50.3,12.4,Mediterranean shrubland,MODERATE STRESS
0.679,44.5,1.5,43.5,15.0,3.9,Semi-arid savanna,MODERATE STRESS
0.43,42.5,0.4,21.6,70.0,23.8,Semi-arid savanna,MODERATE STRESS
0.779,66.3,0.5,26.4,80.6,12.4,Tropical rainforest,VEGETATION HEALTHY
0.314,17.2,0.7,23.0,15.0,22.3,Semi-arid savanna,MODERATE STRESS
0.613,41.0,-0.7,15.1,64.8,0.0,Mediterranean shrubland,VEGETATION HEALTHY
0.231,52.5,1.0,29.3,49.9,30.9,Semi-arid savanna,MODERATE STRESS
0.738,76.9,-0.2,119.3,70.4,6.8,Tropical rainforest,VEGETATION HEALTHY
0.17,42.1,2.7,27.3,19.8,17.1,Semi-arid savanna,HIGH WATER STRESS
0.842,47.6,0.0,110.5,80.7,10.6,Tropical rainforest,VEGETATION HEALTHY
0.812,80.6,2.7,80.0,70.0,10.7,Tropical rainforest,VEGETATION HEALTHY
0.566,36.6,0.6,81.2,53.9,11.6,Mediterranean shrubland,VEGETATION HEALTHY
0.564,50.7,1.5,16.6,60.6,26.5,Temperate grassland,MODERATE STRESS
0.811,67.1,0.4,74.5,75.5,7.5,Tropical rainforest,VEGETATION HEALTHY
0.24,58.8,1.2,42.5,36.5,24.0,Mediterranean shrubland,MODERATE STRESS
0.619,55.3,0.2,36.9,47.7,6.8,Semi-arid savanna,VEGETATION HEALTHY
0.635,64.5,1.2,51.4,75.2,22.4,Temperate grassland,VEGETATION HEALTHY
0.05,32.3,1.5,0.0,43.3,26.7,Semi-arid savanna,HIGH WATER STRESS
0.63,39.4,0.6,77.5,48.9,17.8,Temperate grassland,VEGETATION HEALTHY
0.121,71.5,2.3,18.7,50.1,8.1,Semi-arid savanna,MODERATE STRESS
0.368,34.3,1.2,11.5,51.7,19.8,Semi-arid savanna,MODERATE STRESS
0.524,37.8,2.2,14.5,73.2,7.0,Semi-arid savanna,MODERATE STRESS
0.785,40.5,2.9,66.9,68.6,15.2,Temperate grassland,MODERATE STRESS
0.467,41.6,1.9,63.0,52.2,10.5,Mediterranean shrubland,MODERATE STRESS
0.567,49.8,2.4,17.1,29.0,11.9,Semi-arid savanna,MODERATE STRESS
0.58,75.1,0.7,73.7,48.4,4.0,Tropical rainforest,VEGETATION HEALTHY
0.48,61.1,-0.0,76.7,54.1,16.7,Temperate grassland,VEGETATION HEALTHY
0.95,91.7,0.6,69.4,74.7,11.0,Tropical rainforest,VEGETATION HEALTHY
0.521,79.9,1.0,95.6,57.2,25.7,Temperate grassland,VEGETATION HEALTHY
0.634,71.4,0.5,26.2,62.0,20.9,Temperate grassland,VEGETATION HEALTHY
0.618,54.3,-0.2,36.5,79.1,13.5,Tropical rainforest,VEGETATION HEALTHY
0.578,16.6,0.9,41.4,83.2,6.3,Temperate grassland,MODERATE STRESS
0.756,52.2,2.0,37.3,54.0,20.7,Mediterranean shrubland,VEGETATION HEALTHY
0.29,53.8,0.3,27.9,44.5,13.7,Semi-arid savanna,MODERATE STRESS
0.692,58.1,0.6,55.1,81.2,4.4,Tropical rainforest,VEGETATION HEALTHY
0.534,16.7,1.1,10.8,60.6,20.3,Semi-arid savanna,MODERATE STRESS
0.5,5.0,1.7,58.0,43.9,18.5,Semi-arid savanna,MODERATE STRESS
0.82,83.6,-0.6,38.9,80.1,6.1,Tropical rainforest,VEGETATION HEALTHY
0.725,46.9,-0.1,9.0,75.7,8.2,Tropical rainforest,VEGETATION HEALTHY
0.713,86.0,1.6,81.2,56.7,11.5,Tropical rainforest,VEGETATION HEALTHY
0.794,84.8,-0.0,142.2,68.4,12.0,Tropical rainforest,VEGETATION HEALTHY
0.574,59.9,1.9,78.7,86.4,9.9,Tropical rainforest,MODERATE STRESS
0.785,51.0,-0.3,27.3,63.2,17.4,Temperate grassland,VEGETATION HEALTHY
0.588,62.6,0.4,75.8,64.2,6.5,Tropical rainforest,VEGETATION HEALTHY
0.696,68.8,1.0,36.4,57.8,10.1,Temperate grassland,VEGETATION HEALTHY
0.237,21.1,1.1,1.1,44.3,23.1,Semi-arid savanna,HIGH WATER STRESS
0.504,41.5,1.8,34.7,32.6,8.4,Mediterranean shrubland,MODERATE STRESS
0.763,85.4,-0.7,95.7,89.9,8.4,Tropical rainforest,VEGETATION HEALTHY
0.475,53.0,-0.2,0.0,68.3,9.1,Temperate grassland,VEGETATION HEALTHY
0.432,22.8,0.2,31.5,41.2,18.3,Mediterranean shrubland,MODERATE STRESS
0.471,42.3,3.3,2.8,41.2,25.9,Semi-arid savanna,HIGH WATER STRESS
0.899,53.5,0.6,124.0,83.1,9.8,Tropical rainforest,VEGETATION HEALTHY
0.359,43.2,1.4,21.2,43.1,13.3,Semi-arid savanna,MODERATE STRESS
0.58,91.6,-0.1,41.5,40.9,19.5,Mediterranean shrubland,VEGETATION HEALTHY
0.614,63.8,1.7,57.6,21.9,25.5,Mediterranean shrubland,MODERATE STRESS
0.636,73.3,0.1,26.7,57.9,14.9,Temperate grassland,VEGETATION HEALTHY
0.594,6.2,2.7,22.1,39.1,7.7,Semi-arid savanna,HIGH WATER STRESS
0.575,6.4,2.1,5.2,50.6,15.3,Mediterranean shrubland,HIGH WATER STRESS
0.553,43.2,0.7,73.0,63.0,12.7,Temperate grassland,VEGETATION HEALTHY
0.545,28.4,1.4,6.3,65.8,15.8,Temperate grassland,MODERATE STRESS
0.244,36.2,3.5,43.4,32.3,19.6,Semi-arid savanna,HIGH WATER STRESS
0.5,49.5,0.9,33.2,30.8,16.8,Mediterranean shrubland,MODERATE STRESS
0.466,19.2,2.4,42.3,41.3,14.3,Mediterranean shrubland,MODERATE STRESS
0.595,58.7,0.4,120.4,71.6,11.6,Tropical rainforest,VEGETATION HEALTHY
0.537,42.7,2.3,24.3,31.1,7.7,Mediterranean shrubland,MODERATE STRESS
0.42,25.0,1.9,25.7,78.5,5.6,Mediterranean shrubland,MODERATE STRESS
0.636,65.6,0.9,20.9,80.4,16.6,Tropical rainforest,VEGETATION HEALTHY
0.347,42.7,2.7,19.0,33.9,2.1,Semi-arid savanna,HIGH WATER STRESS
0.483,28.8,1.6,23.3,43.7,19.6,Mediterranean shrubland,MODERATE STRESS
0.379,72.8,-0.0,30.4,81.0,21.8,Temperate grassland,VEGETATION HEALTHY
0.27,28.5,1.8,22.7,40.7,17.8,Semi-arid savanna,HIGH WATER STRESS
0.386,12.0,1.2,38.5,22.8,16.7,Semi-arid savanna,MODERATE STRESS
0.772,66.9,1.8,100.2,64.9,11.7,Tropical rainforest,VEGETATION HEALTHY
0.384,35.8,1.8,25.2,60.7,11.4,Mediterranean shrubland,MODERATE STRESS
0.482,45.4,2.0,58.8,78.2,28.6,Temperate grassland,MODERATE STRESS
0.345,46.1,0.4,19.4,42.4,9.7,Mediterranean shrubland,MODERATE STRESS
0.478,25.5,2.3,16.6,83.7,13.3,Mediterranean shrubland,MODERATE STRESS
0.768,55.2,2.0,117.3,81.0,3.6,Tropical rainforest,VEGETATION HEALTHY
0.332,68.4,2.2,36.9,20.8,10.1,Mediterranean shrubland,MODERATE STRESS
0.683,75.6,2.0,10.0,59.9,21.1,Temperate grassland,VEGETATION HEALTHY
0.419,42.9,1.4,0.0,37.4,15.7,Semi-arid savanna,MODERATE STRESS
0.396,27.9,1.3,21.3,48.2,15.9,Semi-arid savanna,MODERATE STRESS
0.77,47.0,1.1,86.0,78.4,12.8,Tropical rainforest,VEGETATION HEALTHY
0.545,46.3,1.0,85.8,79.7,7.2,Tropical rainforest,VEGETATION HEALTHY
0.64,52.7,1.3,0.0,59.2,23.3,Mediterranean shrubland,MODERATE STRESS
0.597,30.9,2.1,52.2,68.7,10.7,Mediterranean shrubland,MODERATE STRESS
0.612,45.9,0.5,43.3,56.9,16.5,Mediterranean shrubland,VEGETATION HEALTHY
0.533,40.9,2.8,17.0,43.0,16.1,Mediterranean shrubland,MODERATE STRESS
0.595,55.0,-0.6,86.9,66.8,7.5,Tropical rainforest,VEGETATION HEALTHY
0.526,26.5,1.9,16.6,51.4,21.3,Semi-arid savanna,MODERATE STRESS
0.475,61.7,1.9,7.1,57.9,9.5,Mediterranean shrubland,MODERATE STRESS
0.792,72.4,1.3,48.5,53.3,19.1,Temperate grassland,VEGETATION HEALTHY
0.786,83.3,0.4,68.7,66.1,4.7,Tropical rainforest,VEGETATION HEALTHY
0.306,67.4,2.5,76.4,34.9,19.3,Temperate grassland,MODERATE STRESS
0.347,39.8,-0.3,26.8,27.1,19.4,Semi-arid savanna,MODERATE STRESS
0.588,79.1,1.5,64.1,66.6,0.4,Tropical rainforest,VEGETATION HEALTHY
0.327,10.1,2.2,13.9,26.9,14.1,Semi-arid savanna,HIGH WATER STRESS
0.591,48.9,1.6,33.1,25.7,18.2,Semi-arid savanna,MODERATE STRESS
0.43,52.0,0.8,45.2,56.6,0.0,Mediterranean shrubland,MODERATE STRESS
0.679,5.0,0.9,55.5,46.2,7.2,Mediterranean shrubland,MODERATE STRESS
0.734,22.3,2.0,43.8,40.5,11.5,Temperate grassland,MODERATE STRESS
0.257,53.6,2.4,0.0,36.3,12.0,Semi-arid savanna,HIGH WATER STRESS
0.377,82.3,1.1,19.4,47.2,10.2,Temperate grassland,VEGETATION HEALTHY
0.389,56.6,0.1,0.0,51.1,4.2,Temperate grassland,MODERATE STRESS
0.444,40.2,2.7,46.2,59.2,4.3,Temperate grassland,MODERATE STRESS
0.482,58.7,0.3,65.0,40.4,13.3,Temperate grassland,VEGETATION HEALTHY
0.446,26.5,1.4,17.7,31.7,21.4,Semi-arid savanna,MODERATE STRESS
0.458,36.4,1.3,36.3,38.7,15.9,Semi-arid savanna,MODERATE STRESS
0.947,54.6,1.3,33.0,80.2,15.3,Tropical rainforest,VEGETATION HEALTHY
0.498,41.1,1.1,22.6,38.5,12.5,Semi-arid savanna,MODERATE STRESS
0.452,24.2,0.9,0.0,47.5,21.8,Semi-arid savanna,MODERATE STRESS
0.457,55.4,1.8,29.1,46.3,17.4,Semi-arid savanna,MODERATE STRESS
0.95,66.1,0.3,98.2,80.5,3.4,Tropical rainforest,VEGETATION HEALTHY
0.668,43.5,0.5,58.8,57.5,8.4,Mediterranean shrubland,VEGETATION HEALTHY
0.525,37.8,3.3,24.9,41.6,13.4,Semi-arid savanna,MODERATE STRESS
0.587,52.6,1.5,19.2,51.6,15.6,Mediterranean shrubland,MODERATE STRESS
0.359,64.6,-1.0,49.5,49.8,22.8,Temperate grassland,VEGETATION HEALTHY
0.426,55.6,1.1,37.3,58.8,13.2,Mediterranean shrubland,MODERATE STRESS
0.651,75.8,1.4,104.5,97.2,5.9,Tropical rainforest,VEGETATION HEALTHY
0.199,20.1,2.4,31.0,43.4,10.1,Semi-arid savanna,HIGH WATER STRESS
0.396,74.7,3.4,53.1,63.6,12.0,Temperate grassland,MODERATE STRESS
0.13,27.2,0.6,0.0,66.1,19.9,Semi-arid savanna,HIGH WATER STRESS
0.371,34.9,2.7,21.4,49.4,16.6,Semi-arid savanna,HIGH WATER STRESS
0.529,31.1,-0.5,39.2,56.7,7.3,Temperate grassland,VEGETATION HEALTHY
0.508,10.5,0.7,43.1,54.6,9.1,Mediterranean shrubland,MODERATE STRESS
0.777,85.3,1.3,83.3,73.3,6.5,Tropical rainforest,VEGETATION HEALTHY
0.451,49.3,1.8,36.7,43.3,23.5,Semi-arid savanna,MODERATE STRESS
0.631,32.1,-0.1,65.9,53.1,5.7,Mediterranean shrubland,VEGETATION HEALTHY
0.845,68.4,0.4,125.2,67.5,5.8,Tropical rainforest,VEGETATION HEALTHY
0.612,61.6,1.5,65.0,58.6,17.9,Temperate grassland,VEGETATION HEALTHY
0.509,46.7,1.7,50.5,56.7,16.3,Mediterranean shrubland,MODERATE STRESS
0.671,72.9,0.8,91.4,100.0,6.9,Tropical rainforest,VEGETATION HEALTHY
0.74,56.7,3.0,36.7,60.2,10.2,Temperate grassland,MODERATE STRESS
0.721,75.2,1.4,94.9,90.6,8.6,Tropical rainforest,VEGETATION HEALTHY
0.853,45.1,1.0,9.5,28.8,24.6,Semi-arid savanna,VEGETATION HEALTHY
0.445,47.0,1.4,49.6,39.8,9.5,Mediterranean shrubland,MODERATE STRESS
0.826,76.3,0.2,105.0,70.6,6.9,Tropical rainforest,VEGETATION HEALTHY
0.358,65.8,2.1,47.1,65.0,32.9,Mediterranean shrubland,MODERATE STRESS
0.469,44.5,0.4,21.3,52.1,7.7,Temperate grassland,MODERATE STRESS
0.55,45.8,1.9,45.2,57.2,13.8,Mediterranean shrubland,MODERATE STRESS
0.458,5.0,0.7,0.0,42.2,17.1,Semi-arid savanna,MODERATE STRESS
0.708,98.1,1.2,106.3,68.7,5.0,Tropical rainforest,VEGETATION HEALTHY
0.606,23.4,1.0,45.3,53.2,10.1,Temperate grassland,MODERATE STRESS
0.701,69.7,0.9,102.9,88.8,7.8,Tropical rainforest,VEGETATION HEALTHY
0.49,49.0,1.3,36.2,55.7,27.0,Semi-arid savanna,MODERATE STRESS
0.767,31.1,1.5,35.2,48.8,12.1,Mediterranean shrubland,VEGETATION HEALTHY
0.514,32.7,1.6,19.1,36.8,17.4,Mediterranean shrubland,MODERATE STRESS
0.523,54.3,3.5,40.5,55.8,9.5,Mediterranean shrubland,MODERATE STRESS
0.737,30.2,0.6,34.2,48.9,10.6,Mediterranean shrubland,VEGETATION HEALTHY
0.726,88.0,0.2,47.0,87.4,11.0,Tropical rainforest,VEGETATION HEALTHY
0.343,42.3,1.1,70.6,42.5,14.5,Temperate grassland,MODERATE STRESS
0.528,5.0,2.7,0.7,46.6,19.7,Semi-arid savanna,HIGH WATER STRESS
0.821,41.1,0.3,89.9,76.1,10.9,Tropical rainforest,VEGETATION HEALTHY
0.698,65.3,0.9,4.4,50.1,17.5,Temperate grassland,VEGETATION HEALTHY
0.595,59.5,1.6,0.0,34.7,27.3,Mediterranean shrubland,MODERATE STRESS
0.333,5.0,2.9,22.2,57.5,19.9,Semi-arid savanna,HIGH WATER STRESS
0.634,66.9,2.9,66.4,35.5,17.7,Temperate grassland,MODERATE STRESS
0.886,87.6,0.5,118.6,87.3,19.3,Tropical rainforest,VEGETATION HEALTHY
0.504,49.8,0.7,25.4,20.1,12.4,Temperate grassland,MODERATE STRESS
0.555,37.1,3.2,35.3,65.5,17.6,Mediterranean shrubland,MODERATE STRESS
0.622,78.3,1.1,55.9,60.8,13.3,Temperate grassland,VEGETATION HEALTHY
0.561,80.8,1.3,43.4,65.1,22.8,Mediterranean shrubland,VEGETATION HEALTHY
0.142,53.3,-0.5,64.4,52.0,22.0,Mediterranean shrubland,MODERATE STRESS
0.661,51.8,1.0,85.1,73.1,9.3,Tropical rainforest,VEGETATION HEALTHY
0.554,56.9,2.5,48.6,39.3,3.6,Semi-arid savanna,MODERATE STRESS
0.472,58.0,0.6,31.5,41.7,25.0,Mediterranean shrubland,VEGETATION HEALTHY
0.832,80.1,0.8,91.5,66.1,0.3,Tropical rainforest,VEGETATION HEALTHY
0.603,60.5,2.1,79.6,76.4,9.0,Temperate grassland,MODERATE STRESS
0.813,100.0,1.8,117.3,74.1,5.5,Tropical rainforest,VEGETATION HEALTHY
0.847,57.7,0.6,82.8,93.9,7.6,Tropical rainforest,VEGETATION HEALTHY
0.576,33.8,1.5,33.3,46.7,20.7,Mediterranean shrubland,MODERATE STRESS
0.35,46.2,1.6,31.5,35.1,19.0,Temperate grassland,MODERATE STRESS
0.755,46.5,1.3,39.5,81.1,5.5,Tropical rainforest,VEGETATION HEALTHY
0.632,66.3,0.7,68.0,83.9,7.2,Tropical rainforest,VEGETATION HEALTHY
0.622,43.1,0.4,8.8,59.8,12.9,Temperate grassland,VEGETATION HEALTHY
0.224,45.9,0.4,79.7,33.9,6.4,Temperate grassland,MODERATE STRESS
0.704,33.1,0.9,47.3,22.1,4.8,Mediterranean shrubland,MODERATE STRESS
0.458,69.8,1.1,37.0,63.6,28.6,Mediterranean shrubland,VEGETATION HEALTHY
0.497,74.2,0.1,55.6,37.8,16.6,Mediterranean shrubland,VEGETATION HEALTHY
0.464,29.7,0.6,40.5,61.9,15.2,Mediterranean shrubland,MODERATE STRESS
0.586,29.5,2.2,51.4,81.2,13.7,Mediterranean shrubland,MODERATE STRESS
0.431,57.3,2.2,24.3,45.2,19.2,Mediterranean shrubland,MODERATE STRESS
0.518,56.5,1.9,31.7,32.0,3.5,Temperate grassland,MODERATE STRESS
0.311,24.0,1.4,11.2,41.6,11.4,Mediterranean shrubland,MODERATE STRESS
0.905,80.6,0.8,73.1,73.7,10.3,Tropical rainforest,VEGETATION HEALTHY
0.513,21.7,1.7,0.0,45.0,23.3,Semi-arid savanna,MODERATE STRESS
0.852,40.0,1.3,44.2,54.7,14.3,Temperate grassland,VEGETATION HEALTHY
0.437,53.3,3.1,22.0,53.4,13.1,Semi-arid savanna,MODERATE STRESS
0.466,73.5,2.9,42.3,27.5,11.7,Temperate grassland,MODERATE STRESS
0.896,79.2,1.0,114.2,82.8,13.9,Tropical rainforest,VEGETATION HEALTHY
0.808,61.1,1.8,38.2,48.2,25.2,Temperate grassland,VEGETATION HEALTHY
0.612,68.7,1.2,32.1,56.1,23.6,Temperate grassland,VEGETATION HEALTHY
0.572,69.2,2.0,80.0,60.0,16.6,Tropical rainforest,VEGETATION HEALTHY
0.682,53.8,0.8,68.8,49.0,21.9,Temperate grassland,VEGETATION HEALTHY
0.459,40.6,1.5,40.8,29.9,6.6,Semi-arid savanna,MODERATE STRESS
0.828,80.2,1.1,97.4,74.8,12.1,Tropical rainforest,VEGETATION HEALTHY
0.507,49.7,2.7,6.8,62.5,4.9,Temperate grassland,MODERATE STRESS
0.484,38.1,-0.4,42.8,45.4,3.4,Mediterranean shrubland,VEGETATION HEALTHY
0.918,91.4,1.1,87.3,91.3,15.7,Tropical rainforest,VEGETATION HEALTHY
0.601,21.1,1.9,29.9,16.7,21.3,Semi-arid savanna,MODERATE STRESS
0.676,80.0,1.2,43.4,61.0,10.1,Temperate grassland,VEGETATION HEALTHY
0.266,60.8,3.1,4.2,55.6,17.4,Semi-arid savanna,HIGH WATER STRESS
0.569,60.9,1.6,63.2,53.7,19.7,Mediterranean shrubland,VEGETATION HEALTHY
0.455,91.7,1.5,60.7,35.1,10.1,Temperate grassland,VEGETATION HEALTHY
0.543,14.4,2.4,24.1,66.9,15.5,Mediterranean shrubland,MODERATE STRESS
0.531,63.9,0.7,15.1,47.6,21.0,Mediterranean shrubland,VEGETATION HEALTHY
0.33,69.0,0.6,36.4,31.9,10.9,Temperate grassland,MODERATE STRESS
0.579,70.8,0.5,81.5,47.1,10.9,Temperate grassland,VEGETATION HEALTHY
0.612,45.6,1.0,74.8,75.1,10.1,Temperate grassland,VEGETATION HEALTHY
0.494,46.4,0.6,33.9,50.1,22.8,Mediterranean shrubland,VEGETATION HEALTHY
0.836,87.7,0.6,80.0,84.6,6.7,Tropical rainforest,VEGETATION HEALTHY
0.588,43.6,0.6,15.9,67.4,15.1,Mediterranean shrubland,VEGETATION HEALTHY
0.704,75.8,2.5,56.4,59.0,14.1,Tropical rainforest,VEGETATION HEALTHY
0.288,37.6,1.1,26.8,28.7,16.7,Semi-arid savanna,MODERATE STRESS
0.349,33.8,1.2,6.4,44.9,16.7,Mediterranean shrubland,MODERATE STRESS
0.44,40.7,1.5,21.9,58.3,24.6,Mediterranean shrubland,MODERATE STRESS
0.653,50.9,1.4,79.4,62.6,4.4,Temperate grassland,VEGETATION HEALTHY
0.81,88.0,0.6,113.9,71.1,3.1,Tropical rainforest,VEGETATION HEALTHY
0.237,41.2,2.7,0.0,34.6,9.8,Mediterranean shrubland,HIGH WATER STRESS
0.41,31.4,3.1,39.2,48.9,19.0,Semi-arid savanna,HIGH WATER STRESS
0.665,83.1,0.0,109.4,89.9,9.8,Tropical rainforest,VEGETATION HEALTHY
0.554,61.8,-1.0,51.6,54.5,14.7,Temperate grassland,VEGETATION HEALTHY
0.408,17.5,1.6,23.2,43.6,19.1,Semi-arid savanna,MODERATE STRESS
0.586,18.5,1.9,45.2,17.7,19.3,Semi-arid savanna,MODERATE STRESS
0.361,21.7,1.5,55.1,24.3,9.8,Semi-arid savanna,MODERATE STRESS
0.385,84.4,0.7,44.4,50.8,9.3,Temperate grassland,VEGETATION HEALTHY
0.869,67.3,0.7,48.0,40.0,5.3,Mediterranean shrubland,VEGETATION HEALTHY
0.653,63.6,2.4,25.6,48.0,20.5,Mediterranean shrubland,MODERATE STRESS
0.717,51.0,0.9,116.2,66.0,11.6,Tropical rainforest,VEGETATION HEALTHY
0.473,51.5,2.6,9.5,19.4,14.3,Semi-arid savanna,MODERATE STRESS
0.333,25.5,-0.1,53.5,53.6,23.4,Semi-arid savanna,MODERATE STRESS
0.866,79.5,0.6,81.4,73.7,19.5,Tropical rainforest,VEGETATION HEALTHY
0.51,62.9,0.3,78.1,47.4,18.0,Temperate grassland,VEGETATION HEALTHY
0.591,44.9,1.8,22.2,41.2,14.0,Semi-arid savanna,MODERATE STRESS
0.923,70.6,0.2,71.5,89.0,11.7,Tropical rainforest,VEGETATION HEALTHY
0.584,40.9,2.0,22.1,46.9,21.8,Mediterranean shrubland,MODERATE STRESS
0.353,31.3,1.6,69.5,27.0,17.7,Mediterranean shrubland,MODERATE STRESS
0.609,63.8,0.5,74.2,72.7,9.0,Tropical rainforest,VEGETATION HEALTHY
0.186,52.0,2.5,37.2,20.4,20.1,Semi-arid savanna,HIGH WATER STRESS
0.528,19.4,1.7,19.9,67.8,31.5,Semi-arid savanna,MODERATE STRESS
0.95,39.4,1.9,66.4,43.1,18.0,Temperate grassland,VEGETATION HEALTHY
0.564,64.4,1.3,71.3,57.0,14.0,Temperate grassland,VEGETATION HEALTHY
0.824,81.5,0.3,56.7,72.3,6.5,Tropical rainforest,VEGETATION HEALTHY
0.618,60.6,1.4,63.6,66.4,17.5,Mediterranean shrubland,VEGETATION HEALTHY
0.933,71.2,0.9,76.5,69.1,3.1,Tropical rainforest,VEGETATION HEALTHY
0.675,41.7,3.5,21.1,39.7,18.1,Temperate grassland,MODERATE STRESS
0.51,54.2,-0.2,21.4,37.1,4.6,Mediterranean shrubland,VEGETATION HEALTHY
0.598,16.9,0.0,33.2,45.2,17.4,Temperate grassland,VEGETATION HEALTHY
0.714,67.8,2.0,45.0,59.9,18.1,Temperate grassland,VEGETATION HEALTHY
0.776,66.8,0.6,63.1,82.2,8.6,Tropical rainforest,VEGETATION HEALTHY
0.69,63.4,0.3,52.1,87.8,9.3,Tropical rainforest,VEGETATION HEALTHY
0.282,52.6,1.1,0.0,56.3,14.2,Semi-arid savanna,MODERATE STRESS
0.427,58.6,1.7,0.4,49.6,14.6,Semi-arid savanna,MODERATE STRESS
0.863,55.0,-0.7,52.9,81.3,24.5,Temperate grassland,VEGETATION HEALTHY
0.257,54.4,1.0,26.0,24.2,13.5,Semi-arid savanna,MODERATE STRESS
0.312,54.2,2.5,27.0,23.1,15.8,Semi-arid savanna,MODERATE STRESS
0.559,59.2,2.8,8.4,15.0,5.6,Semi-arid savanna,MODERATE STRESS
0.647,30.8,0.9,51.6,59.7,18.2,Semi-arid savanna,VEGETATION HEALTHY
0.745,75.0,1.9,97.8,85.3,13.7,Tropical rainforest,VEGETATION HEALTHY
0.631,81.8,0.6,15.5,56.7,4.9,Tropical rainforest,VEGETATION HEALTHY
0.438,41.3,3.7,0.0,41.6,20.1,Semi-arid savanna,HIGH WATER STRESS
0.679,72.4,-0.3,125.5,71.2,17.1,Tropical rainforest,VEGETATION HEALTHY
0.654,44.1,1.5,23.3,51.4,17.9,Mediterranean shrubland,MODERATE STRESS
0.295,35.7,1.1,63.4,40.7,28.8,Semi-arid savanna,MODERATE STRESS
0.539,23.9,1.1,39.2,69.0,17.3,Mediterranean shrubland,MODERATE STRESS
0.788,65.9,2.4,43.7,87.1,12.1,Temperate grassland,VEGETATION HEALTHY
0.318,82.3,2.2,28.3,65.0,20.1,Mediterranean shrubland,MODERATE STRESS
0.95,51.9,0.6,73.0,58.3,13.2,Tropical rainforest,VEGETATION HEALTHY
0.611,82.8,1.2,26.6,51.4,21.9,Mediterranean shrubland,VEGETATION HEALTHY
0.698,63.8,1.5,96.6,57.6,4.1,Tropical rainforest,VEGETATION HEALTHY
0.484,24.3,1.5,22.2,52.3,8.5,Semi-arid savanna,MODERATE STRESS
0.667,75.5,0.7,102.0,65.7,10.4,Tropical rainforest,VEGETATION HEALTHY
0.814,73.8,0.7,62.6,77.3,14.0,Tropical rainforest,VEGETATION HEALTHY
0.401,22.0,1.2,25.6,36.8,21.4,Semi-arid savanna,MODERATE STRESS
0.633,67.8,2.4,16.3,39.2,15.5,Mediterranean shrubland,MODERATE STRESS
0.71,57.2,0.5,72.7,71.3,7.7,Tropical rainforest,VEGETATION HEALTHY
0.782,100.0,0.9,77.9,78.0,10.0,Tropical rainforest,VEGETATION HEALTHY
0.645,90.3,0.4,63.9,58.7,5.6,Temperate grassland,VEGETATION HEALTHY
0.623,22.6,1.7,0.0,24.4,25.3,Semi-arid savanna,MODERATE STRESS
0.51,36.2,1.3,33.5,49.9,19.4,Temperate grassland,MODERATE STRESS
0.364,47.5,2.4,59.8,42.0,21.6,Mediterranean shrubland,MODERATE STRESS
0.382,74.2,0.5,61.6,42.1,28.1,Mediterranean shrubland,VEGETATION HEALTHY
0.428,46.1,1.7,68.2,55.1,15.3,Temperate grassland,MODERATE STRESS
0.614,47.1,0.3,18.7,52.8,23.3,Mediterranean shrubland,VEGETATION HEALTHY
0.617,49.6,2.2,21.7,48.2,11.1,Mediterranean shrubland,MODERATE STRESS
0.393,60.7,1.2,60.1,63.1,16.5,Temperate grassland,MODERATE STRESS
0.574,62.0,0.5,53.1,64.7,11.0,Temperate grassland,VEGETATION HEALTHY
0.508,35.0,1.0,12.5,65.2,22.4,Mediterranean shrubland,MODERATE STRESS
0.796,42.0,4.0,30.4,53.1,13.6,Mediterranean shrubland,MODERATE STRESS
0.556,58.4,1.4,70.5,52.9,17.6,Mediterranean shrubland,VEGETATION HEALTHY
0.563,42.9,1.0,19.5,82.1,14.4,Mediterranean shrubland,MODERATE STRESS
0.361,43.1,1.1,57.0,63.2,19.1,Temperate grassland,MODERATE STRESS
0.631,40.1,0.6,24.8,40.6,21.4,Temperate grassland,VEGETATION HEALTHY
0.836,84.7,0.8,107.8,60.4,12.5,Tropical rainforest,VEGETATION HEALTHY
0.829,76.9,0.1,44.1,70.9,11.3,Tropical rainforest,VEGETATION HEALTHY
0.836,54.2,0.1,65.7,74.4,3.6,Tropical rainforest,VEGETATION HEALTHY
0.289,39.6,0.5,19.9,56.8,8.9,Semi-arid savanna,MODERATE STRESS
0.387,56.4,1.3,11.7,58.3,15.9,Semi-arid savanna,MODERATE STRESS
0.489,31.8,2.2,27.8,56.3,14.2,Semi-arid savanna,MODERATE STRESS
0.765,71.2,1.3,57.3,88.2,10.9,Tropical rainforest,VEGETATION HEALTHY
0.761,93.0,1.9,76.4,57.1,5.0,Temperate grassland,VEGETATION HEALTHY
0.303,59.3,0.6,24.9,55.2,18.7,Temperate grassland,MODERATE STRESS
0.433,69.2,0.5,52.4,44.2,19.3,Mediterranean shrubland,VEGETATION HEALTHY
0.596,51.3,2.6,1.3,57.6,12.0,Semi-arid savanna,MODERATE STRESS
0.539,52.8,1.8,18.1,33.8,21.2,Mediterranean shrubland,MODERATE STRESS
0.78,86.9,0.8,46.7,87.7,7.5,Tropical rainforest,VEGETATION HEALTHY
0.483,83.0,0.4,37.6,57.4,8.4,Temperate grassland,VEGETATION HEALTHY
0.473,67.0,1.2,29.1,15.0,17.7,Semi-arid savanna,MODERATE STRESS
0.67,86.1,0.6,81.0,74.2,1.3,Tropical rainforest,VEGETATION HEALTHY
0.41,71.3,-0.6,28.1,50.8,25.5,Temperate grassland,VEGETATION HEALTHY
0.496,77.2,0.5,67.2,38.3,21.4,Temperate grassland,VEGETATION HEALTHY
0.519,37.5,0.9,51.1,49.6,18.3,Temperate grassland,MODERATE STRESS
0.673,62.5,1.1,35.3,58.0,18.3,Temperate grassland,VEGETATION HEALTHY
0.75,54.9,2.7,77.6,49.2,21.4,Semi-arid savanna,MODERATE STRESS
0.429,47.5,0.7,59.2,53.7,15.8,Temperate grassland,MODERATE STRESS
0.594,53.5,1.5,9.9,57.9,23.4,Semi-arid savanna,MODERATE STRESS
0.533,57.8,1.7,65.0,59.7,18.5,Temperate grassland,MODERATE STRESS
0.43,25.9,1.4,22.3,41.5,4.8,Semi-arid savanna,MODERATE STRESS
0.508,40.5,1.3,44.8,37.1,6.2,Mediterranean shrubland,MODERATE STRESS
0.528,68.0,2.5,62.2,36.9,13.6,Temperate grassland,MODERATE STRESS
0.448,47.7,0.8,23.2,47.9,23.8,Semi-arid savanna,MODERATE STRESS
0.671,67.5,-1.0,68.6,72.8,4.9,Tropical rainforest,VEGETATION HEALTHY
0.754,42.6,1.0,60.0,82.9,3.9,Tropical rainforest,VEGETATION HEALTHY
0.763,68.3,1.0,89.5,75.4,2.9,Tropical rainforest,VEGETATION HEALTHY
0.327,37.9,1.1,33.3,38.1,11.2,Semi-arid savanna,MODERATE STRESS
0.538,58.8,1.4,86.3,47.3,14.6,Temperate grassland,VEGETATION HEALTHY
0.757,65.5,-0.3,71.7,67.3,2.1,Tropical rainforest,VEGETATION HEALTHY
0.672,58.4,1.2,102.8,69.0,8.0,Tropical rainforest,VEGETATION HEALTHY
0.426,51.4,2.2,20.7,62.6,6.9,Mediterranean shrubland,MODERATE STRESS
0.313,56.4,3.0,44.9,49.5,2.8,Mediterranean shrubland,MODERATE STRESS
0.599,48.9,0.2,46.4,57.5,20.7,Temperate grassland,VEGETATION HEALTHY
0.6,75.9,1.1,42.5,69.8,9.1,Temperate grassland,VEGETATION HEALTHY
0.636,61.5,1.5,86.3,66.3,5.4,Temperate grassland,VEGETATION HEALTHY
0.914,67.6,0.9,50.2,83.3,6.4,Tropical rainforest,VEGETATION HEALTHY
0.457,75.8,3.3,35.9,50.8,13.8,Mediterranean shrubland,MODERATE STRESS
0.666,39.7,1.1,54.6,43.5,15.8,Mediterranean shrubland,VEGETATION HEALTHY
0.533,72.9,2.4,48.3,30.2,19.7,Semi-arid savanna,MODERATE STRESS
0.656,69.0,1.3,88.9,63.9,3.7,Tropical rainforest,VEGETATION HEALTHY
0.654,90.1,2.2,3.3,74.5,20.6,Temperate grassland,VEGETATION HEALTHY
0.59,68.1,1.6,101.4,64.9,11.4,Tropical rainforest,VEGETATION HEALTHY
0.547,74.3,1.1,34.0,67.6,20.8,Temperate grassland,VEGETATION HEALTHY
0.777,69.9,2.0,61.1,59.5,15.5,Temperate grassland,VEGETATION HEALTHY
0.318,29.7,1.2,39.8,67.3,15.7,Mediterranean shrubland,MODERATE STRESS
0.581,57.4,1.5,32.7,38.6,27.3,Semi-arid savanna,MODERATE STRESS
0.629,74.1,2.0,80.9,82.5,11.2,Tropical rainforest,VEGETATION HEALTHY
0.345,53.2,0.2,22.5,62.9,18.1,Mediterranean shrubland,MODERATE STRESS
0.491,36.9,1.7,33.8,31.8,18.3,Semi-arid savanna,MODERATE STRESS
0.726,51.4,0.2,129.9,81.8,3.7,Tropical rainforest,VEGETATION HEALTHY
0.563,81.5,1.0,73.8,60.6,17.8,Temperate grassland,VEGETATION HEALTHY
0.38,70.9,0.8,64.0,45.4,16.1,Temperate grassland,VEGETATION HEALTHY
0.743,77.3,0.6,67.8,94.1,13.2,Tropical rainforest,VEGETATION HEALTHY
0.466,64.7,0.5,18.9,69.4,4.8,Temperate grassland,VEGETATION HEALTHY
0.732,69.2,1.1,102.3,69.7,11.9,Tropical rainforest,VEGETATION HEALTHY
0.517,24.9,1.3,62.6,70.1,20.3,Mediterranean shrubland,MODERATE STRESS
0.574,58.6,2.2,50.7,54.4,15.6,Mediterranean shrubland,MODERATE STRESS
0.323,5.0,2.0,25.3,49.8,8.6,Semi-arid savanna,HIGH WATER STRESS
0.95,73.0,0.8,94.7,98.3,4.9,Tropical rainforest,VEGETATION HEALTHY
0.782,61.6,0.4,84.6,91.5,16.2,Tropical rainforest,VEGETATION HEALTHY
0.719,100.0,0.5,70.0,60.3,14.6,Tropical rainforest,VEGETATION HEALTHY
0.867,100.0,-0.2,126.8,78.7,12.2,Tropical rainforest,VEGETATION HEALTHY
0.655,52.2,1.7,33.6,31.3,13.9,Semi-arid savanna,MODERATE STRESS
0.51,23.5,1.8,71.2,46.9,17.1,Temperate grassland,MODERATE STRESS
0.629,44.3,0.4,68.1,55.2,27.1,Temperate grassland,VEGETATION HEALTHY
0.765,60.0,1.7,103.7,85.3,13.8,Tropical rainforest,VEGETATION HEALTHY
0.561,52.1,0.1,39.2,73.4,16.4,Temperate grassland,VEGETATION HEALTHY
0.612,51.8,2.0,83.5,71.5,7.9,Tropical rainforest,MODERATE STRESS
0.917,66.9,1.8,87.4,92.3,10.0,Tropical rainforest,VEGETATION HEALTHY
0.708,67.2,1.6,52.7,53.0,26.5,Temperate grassland,VEGETATION HEALTHY
0.421,38.3,2.1,14.3,46.4,16.8,Semi-arid savanna,MODERATE STRESS
0.343,55.2,0.2,6.8,57.8,17.9,Temperate grassland,MODERATE STRESS
0.511,5.0,0.3,57.5,27.3,22.3,Semi-arid savanna,MODERATE STRESS
0.397,46.3,0.9,46.2,51.6,13.3,Mediterranean shrubland,MODERATE STRESS
0.789,56.2,1.1,159.5,91.5,11.9,Tropical rainforest,VEGETATION HEALTHY
0.487,14.0,0.3,60.7,40.5,11.8,Mediterranean shrubland,MODERATE STRESS
0.643,56.1,0.8,61.0,70.6,5.9,Tropical rainforest,VEGETATION HEALTHY
0.658,51.1,1.0,58.1,54.2,13.3,Temperate grassland,VEGETATION HEALTHY
0.834,70.1,0.9,64.1,69.4,12.1,Tropical rainforest,VEGETATION HEALTHY
0.567,52.3,1.8,35.9,58.4,21.6,Mediterranean shrubland,MODERATE STRESS
0.485,67.2,1.7,47.6,53.4,17.5,Mediterranean shrubland,MODERATE STRESS
0.47,66.9,3.4,36.8,56.9,12.3,Temperate grassland,MODERATE STRESS
0.812,43.6,0.7,10.1,46.2,4.7,Temperate grassland,VEGETATION HEALTHY
0.521,88.4,1.3,0.0,54.6,12.9,Semi-arid savanna,VEGETATION HEALTHY
0.538,44.3,1.0,61.7,53.0,12.0,Temperate grassland,VEGETATION HEALTHY
0.55,33.4,1.4,5.7,50.2,19.6,Temperate grassland,MODERATE STRESS
0.669,53.9,2.0,65.3,61.8,20.6,Temperate grassland,MODERATE STRESS
0.843,66.3,-0.1,97.8,83.5,13.4,Tropical rainforest,VEGETATION HEALTHY
0.275,46.3,1.6,0.0,47.3,5.0,Semi-arid savanna,MODERATE STRESS
0.358,66.6,3.1,10.7,46.0,16.3,Mediterranean shrubland,MODERATE STRESS
0.341,29.4,3.2,15.3,52.1,7.7,Semi-arid savanna,HIGH WATER STRESS
0.474,18.4,0.6,51.8,49.4,14.1,Mediterranean shrubland,MODERATE STRESS
0.467,49.8,2.4,0.0,40.0,17.0,Mediterranean shrubland,MODERATE STRESS
0.565,61.9,1.3,38.3,49.2,13.5,Temperate grassland,VEGETATION HEALTHY
0.352,24.8,1.6,25.3,63.8,15.9,Semi-arid savanna,MODERATE STRESS
0.865,88.0,0.8,80.1,74.7,8.0,Tropical rainforest,VEGETATION HEALTHY
0.535,48.8,0.5,15.7,75.7,14.9,Mediterranean shrubland,VEGETATION HEALTHY
0.464,79.3,1.3,57.7,54.2,13.1,Temperate grassland,VEGETATION HEALTHY
0.373,53.5,1.3,85.7,57.1,1.0,Temperate grassland,MODERATE STRESS
0.566,100.0,1.8,27.2,63.7,10.5,Temperate grassland,VEGETATION HEALTHY
0.722,73.2,-0.5,53.8,78.1,7.4,Tropical rainforest,VEGETATION HEALTHY
0.639,34.4,1.7,19.0,77.4,4.7,Temperate grassland,MODERATE STRESS
0.487,68.0,2.0,32.1,42.2,10.8,Semi-arid savanna,MODERATE STRESS
0.426,25.6,0.3,43.0,36.5,17.9,Mediterranean shrubland,MODERATE STRESS
0.624,46.7,2.2,52.1,72.1,10.5,Temperate grassland,MODERATE STRESS
0.508,29.3,1.1,29.8,41.3,8.7,Mediterranean shrubland,MODERATE STRESS
0.05,19.0,2.3,0.0,22.8,30.5,Semi-arid savanna,HIGH WATER STRESS
0.318,43.8,2.3,33.9,20.7,16.4,Semi-arid savanna,MODERATE STRESS
0.947,27.9,0.3,22.1,36.5,23.1,Temperate grassland,VEGETATION HEALTHY
0.808,29.4,0.4,0.0,38.6,15.8,Semi-arid savanna,VEGETATION HEALTHY
0.455,45.1,2.0,16.3,26.6,22.7,Semi-arid savanna,MODERATE STRESS
0.582,70.1,1.7,13.7,37.4,10.5,Temperate grassland,MODERATE STRESS
0.843,76.6,1.6,97.1,80.1,13.8,Tropical rainforest,VEGETATION HEALTHY
0.812,72.9,1.8,89.2,75.0,5.6,Tropical rainforest,VEGETATION HEALTHY
0.766,54.1,2.1,1.7,55.3,14.8,Temperate grassland,MODERATE STRESS
0.68,100.0,0.8,74.6,78.3,1.0,Tropical rainforest,VEGETATION HEALTHY
0.868,63.8,0.2,122.7,91.4,11.1,Tropical rainforest,VEGETATION HEALTHY
0.432,41.2,0.8,15.1,37.5,12.3,Mediterranean shrubland,MODERATE STRESS
0.588,74.9,1.0,133.6,71.3,10.2,Tropical rainforest,VEGETATION HEALTHY
0.627,50.7,1.7,62.1,60.3,13.5,Temperate grassland,MODERATE STRESS
0.61,61.5,0.4,54.5,82.4,13.8,Tropical rainforest,VEGETATION HEALTHY
0.444,59.8,0.3,38.3,47.0,18.6,Temperate grassland,VEGETATION HEALTHY
0.732,50.8,0.6,17.4,59.3,20.4,Temperate grassland,VEGETATION HEALTHY
0.464,78.3,3.1,16.5,37.5,21.3,Semi-arid savanna,MODERATE STRESS
0.888,76.7,1.0,105.2,95.2,9.7,Tropical rainforest,VEGETATION HEALTHY
0.563,80.6,1.9,37.9,56.1,16.2,Temperate grassland,VEGETATION HEALTHY
0.611,51.9,0.2,59.0,71.6,11.5,Tropical rainforest,VEGETATION HEALTHY
0.741,74.6,-0.1,73.1,83.9,11.4,Tropical rainforest,VEGETATION HEALTHY
0.604,92.4,1.1,29.7,53.7,15.6,Temperate grassland,VEGETATION HEALTHY
0.477,44.5,0.2,15.7,48.2,15.0,Mediterranean shrubland,VEGETATION HEALTHY
0.392,39.1,2.6,20.2,47.6,14.2,Semi-arid savanna,MODERATE STRESS
0.666,61.4,1.8,60.7,63.7,14.4,Temperate grassland,VEGETATION HEALTHY
0.877,63.5,0.4,91.1,82.2,5.7,Tropical rainforest,VEGETATION HEALTHY
0.489,43.5,-0.5,30.6,48.1,15.0,Mediterranean shrubland,VEGETATION HEALTHY
0.398,41.0,-1.0,34.4,50.9,11.9,Temperate grassland,VEGETATION HEALTHY
0.882,83.2,0.9,75.6,88.3,8.9,Tropical rainforest,VEGETATION HEALTHY
0.243,37.9,2.2,80.5,50.7,11.4,Mediterranean shrubland,MODERATE STRESS
0.402,64.4,-0.3,57.1,66.6,17.6,Temperate grassland,VEGETATION HEALTHY
0.585,47.7,0.8,72.0,45.8,20.7,Mediterranean shrubland,VEGETATION HEALTHY
0.217,76.7,2.3,45.7,63.3,18.4,Temperate grassland,MODERATE STRESS
0.662,41.3,0.6,69.8,68.7,10.8,Temperate grassland,VEGETATION HEALTHY
0.679,63.6,1.3,58.0,81.6,12.0,Tropical rainforest,VEGETATION HEALTHY
0.871,68.0,0.7,58.6,88.2,5.9,Tropical rainforest,VEGETATION HEALTHY
0.476,36.7,0.6,11.0,61.4,19.4,Semi-arid savanna,MODERATE STRESS
0.626,52.5,3.9,51.3,51.1,23.5,Temperate grassland,MODERATE STRESS
0.125,39.7,3.7,19.9,17.7,15.2,Semi-arid savanna,HIGH WATER STRESS
0.556,31.6,0.9,23.8,54.3,24.0,Mediterranean shrubland,MODERATE STRESS
0.588,46.2,0.4,0.0,49.5,8.6,Semi-arid savanna,VEGETATION HEALTHY
0.626,35.7,0.3,42.9,62.5,21.4,Temperate grassland,VEGETATION HEALTHY
0.591,46.2,0.8,13.6,43.9,18.5,Mediterranean shrubland,MODERATE STRESS
0.265,41.6,2.1,46.7,37.6,29.1,Temperate grassland,HIGH WATER STRESS
0.757,77.0,1.1,75.7,70.7,17.5,Tropical rainforest,VEGETATION HEALTHY
0.623,54.2,0.6,60.6,39.9,17.7,Mediterranean shrubland,VEGETATION HEALTHY
0.334,20.3,1.4,27.2,30.1,18.2,Temperate grassland,MODERATE STRESS
0.642,33.4,1.7,38.0,57.7,15.6,Semi-arid savanna,MODERATE STRESS
0.505,49.8,2.0,32.3,48.6,24.3,Mediterranean shrubland,MODERATE STRESS
0.813,94.3,0.5,131.4,83.4,22.1,Tropical rainforest,VEGETATION HEALTHY
0.321,34.0,1.9,42.9,73.4,12.0,Mediterranean shrubland,MODERATE STRESS
0.606,50.7,0.7,47.3,59.2,22.2,Semi-arid savanna,VEGETATION HEALTHY
0.531,48.6,1.4,47.8,50.4,10.9,Mediterranean shrubland,MODERATE STRESS
0.467,58.8,1.1,49.7,62.5,11.2,Temperate grassland,VEGETATION HEALTHY
0.8,50.4,0.8,55.6,32.1,10.3,Temperate grassland,VEGETATION HEALTHY
0.319,74.0,2.3,36.9,59.8,21.7,Temperate grassland,MODERATE STRESS
0.709,83.3,0.3,72.6,70.0,10.4,Tropical rainforest,VEGETATION HEALTHY
0.472,24.7,0.5,42.9,72.1,18.4,Mediterranean shrubland,MODERATE STRESS
0.358,51.8,1.5,15.2,28.6,27.9,Semi-arid savanna,MODERATE STRESS
0.548,29.7,1.3,52.5,32.0,13.2,Semi-arid savanna,MODERATE STRESS
0.48,51.6,1.1,3.5,39.6,23.7,Mediterranean shrubland,MODERATE STRESS
0.81,68.6,0.3,133.0,76.1,7.2,Tropical rainforest,VEGETATION HEALTHY
0.664,33.4,1.0,35.2,50.0,17.6,Mediterranean shrubland,VEGETATION HEALTHY
0.797,41.1,1.0,87.1,78.4,10.0,Tropical rainforest,VEGETATION HEALTHY
0.757,71.3,1.2,70.8,68.5,21.1,Tropical rainforest,VEGETATION HEALTHY
0.771,52.6,0.9,59.9,73.6,13.2,Tropical rainforest,VEGETATION HEALTHY
0.651,64.7,-0.3,85.4,40.5,24.2,Temperate grassland,VEGETATION HEALTHY
0.824,60.9,0.9,72.8,78.3,8.0,Tropical rainforest,VEGETATION HEALTHY
0.094,58.2,1.6,13.3,34.2,20.5,Semi-arid savanna,HIGH WATER STRESS
0.059,45.3,2.2,18.4,25.9,18.6,Semi-arid savanna,HIGH WATER STRESS
0.28,28.6,0.8,51.9,45.6,13.3,Mediterranean shrubland,MODERATE STRESS
0.476,44.1,1.3,11.3,15.0,24.8,Semi-arid savanna,MODERATE STRESS
0.567,42.1,1.4,49.7,31.3,12.5,Mediterranean shrubland,MODERATE STRESS
0.95,83.4,-0.7,43.6,76.7,7.1,Tropical rainforest,VEGETATION HEALTHY
0.381,88.1,1.4,55.4,47.0,19.3,Temperate grassland,VEGETATION HEALTHY
0.457,54.8,0.0,66.9,52.2,23.7,Mediterranean shrubland,VEGETATION HEALTHY
0.419,39.3,0.2,50.5,56.9,12.2,Temperate grassland,MODERATE STRESS
0.31,44.2,1.1,21.3,68.6,15.5,Mediterranean shrubland,MODERATE STRESS
0.771,45.9,1.3,43.8,33.9,23.6,Temperate grassland,VEGETATION HEALTHY
0.539,24.5,1.5,6.4,59.3,20.2,Semi-arid savanna,MODERATE STRESS
0.8,89.7,1.6,107.4,63.8,6.2,Tropical rainforest,VEGETATION HEALTHY
0.609,47.7,0.2,31.2,32.1,15.7,Mediterranean shrubland,VEGETATION HEALTHY
0.155,47.5,2.1,56.3,53.9,15.0,Semi-arid savanna,MODERATE STRESS
0.606,59.5,1.0,25.6,77.6,4.9,Tropical rainforest,VEGETATION HEALTHY
0.515,27.8,1.9,35.4,66.8,16.0,Mediterranean shrubland,MODERATE STRESS
0.38,13.8,2.1,32.6,76.6,13.6,Semi-arid savanna,HIGH WATER STRESS
0.54,45.2,1.3,53.4,55.3,21.5,Temperate grassland,MODERATE STRESS
0.728,64.2,1.1,38.1,87.5,10.1,Temperate grassland,VEGETATION HEALTHY
0.625,42.2,2.5,64.5,47.2,18.1,Temperate grassland,MODERATE STRESS
0.503,67.9,1.4,49.7,55.5,17.6,Temperate grassland,VEGETATION HEALTHY
0.534,45.9,0.9,68.9,37.4,18.6,Mediterranean shrubland,MODERATE STRESS
0.95,60.3,0.3,58.8,81.2,3.5,Tropical rainforest,VEGETATION HEALTHY
0.343,5.0,1.9,13.0,21.2,25.6,Semi-arid savanna,HIGH WATER STRESS
0.62,33.8,2.9,50.0,37.9,10.5,Mediterranean shrubland,MODERATE STRESS
0.517,33.3,1.5,44.9,31.5,18.6,Semi-arid savanna,MODERATE STRESS
0.849,69.9,0.6,37.3,67.4,10.3,Tropical rainforest,VEGETATION HEALTHY
0.398,39.3,2.7,0.6,38.7,19.3,Semi-arid savanna,HIGH WATER STRESS
0.715,59.5,1.8,70.9,32.0,16.0,Mediterranean shrubland,VEGETATION HEALTHY
0.479,21.5,2.0,2.1,51.7,25.4,Semi-arid savanna,HIGH WATER STRESS
0.222,29.5,2.0,35.4,17.7,23.5,Mediterranean shrubland,HIGH WATER STRESS
0.775,61.4,1.5,67.0,71.1,10.4,Tropical rainforest,VEGETATION HEALTHY
0.939,76.7,1.1,108.2,65.4,11.6,Tropical rainforest,VEGETATION HEALTHY
0.679,76.1,0.6,100.0,79.2,0.0,Tropical rainforest,VEGETATION HEALTHY
0.831,77.8,0.7,132.0,81.1,10.8,Tropical rainforest,VEGETATION HEALTHY
0.587,44.5,0.8,0.0,35.3,23.3,Semi-arid savanna,MODERATE STRESS
0.848,73.9,1.7,77.7,82.7,11.0,Tropical rainforest,VEGETATION HEALTHY
0.925,49.8,0.5,109.8,93.5,10.0,Tropical rainforest,VEGETATION HEALTHY
0.843,83.3,0.5,95.2,89.8,16.6,Tropical rainforest,VEGETATION HEALTHY
0.539,38.8,1.6,32.0,40.4,19.3,Semi-arid savanna,MODERATE STRESS
0.695,26.8,1.1,37.0,73.9,13.5,Mediterranean shrubland,MODERATE STRESS
0.48,45.6,2.4,0.0,43.0,31.4,Temperate grassland,HIGH WATER STRESS
0.334,44.3,1.6,51.9,72.1,18.3,Mediterranean shrubland,MODERATE STRESS
0.499,68.4,0.5,22.3,33.1,5.6,Temperate grassland,VEGETATION HEALTHY
0.323,50.0,0.4,0.0,37.5,13.2,Mediterranean shrubland,MODERATE STRESS
0.323,65.4,1.1,37.9,41.7,17.7,Semi-arid savanna,MODERATE STRESS
0.754,62.1,0.9,79.4,68.6,13.0,Tropical rainforest,VEGETATION HEALTHY
0.564,37.8,1.6,33.3,39.6,16.4,Mediterranean shrubland,MODERATE STRESS
0.358,19.0,1.2,46.3,41.7,31.1,Mediterranean shrubland,MODERATE STRESS
0.562,61.5,2.5,55.4,31.0,0.1,Semi-arid savanna,MODERATE STRESS
0.509,40.7,2.0,45.8,47.3,23.6,Semi-arid savanna,MODERATE STRESS
0.439,36.4,2.4,47.2,47.9,11.3,Temperate grassland,MODERATE STRESS
0.682,55.3,-0.3,80.5,72.1,13.4,Tropical rainforest,VEGETATION HEALTHY
0.467,42.8,1.0,19.8,47.1,23.0,Semi-arid savanna,MODERATE STRESS
0.593,38.1,2.5,13.2,16.6,19.9,Semi-arid savanna,MODERATE STRESS
0.536,48.4,2.1,15.7,30.7,21.9,Semi-arid savanna,MODERATE STRESS
0.416,62.8,0.7,23.3,69.6,21.2,Mediterranean shrubland,VEGETATION HEALTHY
0.446,49.6,1.6,0.0,39.1,15.7,Mediterranean shrubland,MODERATE STRESS
0.787,86.7,0.6,56.4,81.2,7.7,Tropical rainforest,VEGETATION HEALTHY
0.743,68.2,2.4,23.3,74.1,9.0,Tropical rainforest,VEGETATION HEALTHY
0.635,58.0,1.5,29.6,48.7,15.4,Mediterranean shrubland,VEGETATION HEALTHY
0.407,34.6,2.0,35.6,24.8,10.6,Semi-arid savanna,MODERATE STRESS
0.855,75.3,1.2,46.0,95.8,6.6,Tropical rainforest,VEGETATION HEALTHY
0.447,53.4,0.7,12.2,44.5,38.0,Semi-arid savanna,MODERATE STRESS
0.821,75.5,1.4,23.2,69.8,6.0,Temperate grassland,VEGETATION HEALTHY
0.676,41.6,-1.0,15.9,51.2,16.3,Semi-arid savanna,VEGETATION HEALTHY
0.452,32.8,1.0,45.7,51.5,22.4,Temperate grassland,MODERATE STRESS
0.452,60.3,1.2,10.8,38.9,15.1,Temperate grassland,MODERATE STRESS
0.667,25.7,-1.0,61.1,54.7,21.8,Temperate grassland,VEGETATION HEALTHY
0.279,44.3,2.5,13.9,36.0,18.2,Semi-arid savanna,HIGH WATER STRESS
0.578,71.6,0.7,15.8,81.7,11.4,Temperate grassland,VEGETATION HEALTHY
0.697,71.1,0.8,75.2,77.8,8.8,Tropical rainforest,VEGETATION HEALTHY
0.226,87.0,1.0,57.8,38.1,12.2,Temperate grassland,MODERATE STRESS
0.312,64.5,1.1,35.6,32.9,14.8,Semi-arid savanna,MODERATE STRESS
0.693,14.8,0.3,0.0,36.9,11.1,Mediterranean shrubland,MODERATE STRESS
0.338,42.5,-0.5,22.6,71.6,17.4,Temperate grassland,MODERATE STRESS
0.43,28.9,0.2,44.0,67.3,20.4,Temperate grassland,MODERATE STRESS
0.521,24.7,1.7,16.2,39.2,32.3,Semi-arid savanna,MODERATE STRESS
0.465,64.4,0.2,22.1,43.7,14.7,Mediterranean shrubland,VEGETATION HEALTHY
0.341,65.1,1.6,56.2,44.7,15.5,Temperate grassland,MODERATE STRESS
0.53,91.6,1.2,18.9,58.3,6.9,Temperate grassland,VEGETATION HEALTHY
0.228,19.3,1.3,38.9,50.1,21.7,Semi-arid savanna,MODERATE STRESS
0.7,75.5,0.4,78.2,82.4,7.6,Tropical rainforest,VEGETATION HEALTHY
0.456,66.7,1.5,43.2,49.8,7.7,Semi-arid savanna,MODERATE STRESS
0.375,31.3,1.4,47.3,65.1,17.8,Mediterranean shrubland,MODERATE STRESS
0.513,19.6,1.2,45.6,58.4,27.6,Temperate grassland,MODERATE STRESS
0.618,29.6,1.0,33.1,40.7,19.0,Mediterranean shrubland,MODERATE STRESS
0.799,57.9,1.6,88.9,60.7,8.8,Tropical rainforest,VEGETATION HEALTHY
0.646,39.6,2.2,38.7,34.2,7.5,Mediterranean shrubland,MODERATE STRESS
0.668,64.1,1.8,64.9,62.7,20.1,Mediterranean shrubland,VEGETATION HEALTHY
0.95,79.0,0.5,67.3,80.6,2.3,Tropical rainforest,VEGETATION HEALTHY
0.685,38.8,1.4,33.5,52.6,10.5,Temperate grassland,VEGETATION HEALTHY
0.95,90.0,1.0,85.3,86.4,13.5,Tropical rainforest,VEGETATION HEALTHY
0.456,53.7,-0.4,69.7,82.8,15.5,Temperate grassland,VEGETATION HEALTHY
0.517,21.7,1.0,33.3,45.6,14.6,Semi-arid savanna,MODERATE STRESS
0.689,73.6,0.5,54.9,74.7,10.4,Tropical rainforest,VEGETATION HEALTHY
0.194,55.8,-1.0,14.0,33.3,19.0,Semi-arid savanna,MODERATE STRESS
0.584,63.0,0.9,46.7,52.3,5.7,Mediterranean shrubland,VEGETATION HEALTHY
0.364,62.1,1.4,51.1,49.6,20.0,Temperate grassland,MODERATE STRESS
0.266,43.9,1.0,21.5,55.1,22.5,Mediterranean shrubland,MODERATE STRESS
0.617,45.8,0.7,29.8,46.4,11.8,Mediterranean shrubland,VEGETATION HEALTHY
0.564,48.8,0.1,2.0,55.1,11.1,Mediterranean shrubland,VEGETATION HEALTHY
0.545,15.1,0.3,52.1,46.9,15.1,Semi-arid savanna,MODERATE STRESS
0.657,65.4,-0.0,110.7,70.2,13.4,Tropical rainforest,VEGETATION HEALTHY
0.645,66.5,-1.0,82.6,76.3,12.3,Tropical rainforest,VEGETATION HEALTHY
0.553,87.1,1.4,121.1,77.5,13.1,Tropical rainforest,VEGETATION HEALTHY
0.687,41.9,-0.2,20.3,56.1,10.1,Temperate grassland,VEGETATION HEALTHY
0.636,24.3,-0.6,75.2,67.7,8.7,Temperate grassland,VEGETATION HEALTHY
0.653,51.7,1.6,56.9,41.2,16.2,Mediterranean shrubland,VEGETATION HEALTHY
0.577,50.4,0.8,46.6,56.4,8.7,Temperate grassland,VEGETATION HEALTHY
0.653,69.2,0.6,96.0,56.8,12.6,Tropical rainforest,VEGETATION HEALTHY
0.312,60.0,1.2,21.1,68.8,16.1,Semi-arid savanna,MODERATE STRESS
0.764,77.4,0.8,109.7,71.1,5.1,Tropical rainforest,VEGETATION HEALTHY
0.69,73.3,0.6,105.9,91.0,5.1,Tropical rainforest,VEGETATION HEALTHY
0.285,77.5,1.8,44.6,33.9,16.0,Mediterranean shrubland,MODERATE STRESS
0.816,68.7,1.6,150.7,68.5,4.9,Tropical rainforest,VEGETATION HEALTHY
0.937,85.6,0.7,87.0,69.8,12.6,Tropical rainforest,VEGETATION HEALTHY
0.359,33.3,2.3,18.6,38.7,18.1,Semi-arid savanna,HIGH WATER STRESS
0.827,65.0,1.7,40.6,46.8,18.9,Temperate grassland,VEGETATION HEALTHY
0.447,12.4,1.4,20.5,34.9,28.4,Semi-arid savanna,MODERATE STRESS
0.786,59.5,1.2,24.4,56.2,15.1,Temperate grassland,VEGETATION HEALTHY
0.295,36.4,1.2,43.3,55.5,12.5,Mediterranean shrubland,MODERATE STRESS
0.74,34.7,0.5,116.2,61.2,9.5,Tropical rainforest,VEGETATION HEALTHY
0.674,24.3,1.7,0.0,64.8,17.4,Semi-arid savanna,MODERATE STRESS
0.703,55.6,0.7,22.1,55.9,12.3,Mediterranean shrubland,VEGETATION HEALTHY
0.182,44.1,0.2,67.3,52.1,10.6,Mediterranean shrubland,MODERATE STRESS
0.217,27.4,2.4,79.6,58.7,15.4,Mediterranean shrubland,HIGH WATER STRESS
0.712,59.6,2.2,80.7,99.2,14.6,Tropical rainforest,VEGETATION HEALTHY
0.313,26.0,1.6,20.9,83.9,10.5,Semi-arid savanna,MODERATE STRESS
0.614,65.5,1.1,47.4,42.4,15.6,Temperate grassland,VEGETATION HEALTHY
